Image,10/05/18,00:23:55
Image,10/05/18,00:29:22
Image,10/05/18,00:29:27
Image,10/05/18,00:29:29
Image,10/05/18,00:32:32
Image,10/05/18,00:32:48
Image,10/05/18,00:33:19
Image,10/05/18,00:33:30
Image,10/05/18,00:38:27
Image,10/05/18,00:39:10
Image,10/05/18,00:39:18
Image,10/05/18,00:42:13
Image,10/05/18,00:42:27
Image,10/05/18,00:51:13
Image,10/05/18,11:34:41
Image,10/05/18,11:52:12
Image,10/05/18,12:25:52
Image,10/05/18,13:16:37
Image,10/05/18,13:18:07
Image,10/05/18,13:18:17
Image,10/05/18,13:18:24
Image,10/05/18,13:18:28
Image,10/05/18,13:18:41
Image,10/05/18,13:28:35
Image,10/05/18,13:29:18
Image,10/05/18,13:29:47
Image,10/05/18,13:30:37
Image,10/05/18,13:31:28
Image,10/05/18,13:33:19
Image,10/05/18,14:26:05
Image,10/05/18,14:26:11
Image,10/05/18,14:26:17
Image,10/05/18,14:42:53
Image,10/05/18,14:43:07
Image,10/05/18,14:44:01
Image,10/05/18,14:44:12
Image,10/05/18,14:44:57
Image,10/05/18,14:46:40
Image,10/05/18,14:53:03
Image,10/05/18,14:54:48
Image,10/05/18,14:55:16
Image,10/05/18,14:55:41
Image,10/05/18,14:55:54
Image,10/05/18,14:56:02
Image,10/05/18,14:57:13
Image,10/05/18,15:00:48
Image,10/05/18,15:01:40
Image,10/05/18,15:02:41
Image,10/05/18,16:24:00
Image,10/05/18,16:26:43
Image,10/05/18,16:27:29
Image,10/05/18,16:27:50
Image,10/05/18,16:29:39
Image,10/05/18,16:30:43
Image,10/05/18,16:31:32
Image,10/05/18,16:34:04
Image,10/05/18,16:44:35
Image,10/05/18,16:49:32
Image,10/05/18,16:56:52
Image,10/05/18,17:05:25
Image,10/05/18,17:07:28
Image,11/05/18,10:47:01
Image,11/05/18,10:48:36
Image,11/05/18,10:49:02
Image,11/05/18,10:50:10
Image,11/05/18,10:50:31
